{
  "version": 1,
  "author": "Anonymous maker",
  "editor": "wokwi",
  "parts": [
    { "type": "board-esp32-devkit-c-v4", "id": "esp", "top": 0, "left": 0, "attrs": {} },
    {
      "type": "wokwi-lcd1602",
      "id": "lcd1",
      "top": -70.4,
      "left": 197.6,
      "attrs": { "pins": "i2c" }
    },
    {
      "type": "wokwi-pushbutton",
      "id": "btn1",
      "top": 150.2,
      "left": 201.6,
      "attrs": { "color": "green", "xray": "1" }
    },
    {
      "type": "wokwi-resistor",
      "id": "r1",
      "top": 100.8,
      "left": 124.25,
      "rotate": 90,
      "attrs": { "value": "1000" }
    },
    {
      "type": "wokwi-resistor",
      "id": "r2",
      "top": 100.8,
      "left": 133.85,
      "rotate": 90,
      "attrs": { "value": "1000" }
    },
    {
      "type": "wokwi-pushbutton",
      "id": "btn3",
      "top": 217.4,
      "left": 201.6,
      "attrs": { "color": "red", "xray": "1" }
    }
  ],
  "connections": [
    [ "esp:TX", "$serialMonitor:RX", "", [] ],
    [ "esp:RX", "$serialMonitor:TX", "", [] ],
    [ "lcd1:GND", "esp:GND.2", "black", [ "h0" ] ],
    [ "lcd1:VCC", "esp:3V3", "red", [ "h0" ] ],
    [ "lcd1:SCL", "esp:22", "green", [ "h-28.8", "v0.3" ] ],
    [ "lcd1:VCC", "r1:1", "red", [ "h0" ] ],
    [ "lcd1:VCC", "r2:1", "red", [ "h0" ] ],
    [ "lcd1:SDA", "esp:21", "green", [ "h-67.2", "v96.2" ] ],
    [ "r2:2", "btn1:1.l", "green", [ "h0", "v27.6", "h48" ] ],
    [ "btn3:2.r", "esp:GND.3", "green", [ "h29", "v-163" ] ],
    [ "btn1:2.r", "esp:GND.3", "green", [ "h29", "v0.2" ] ],
    [ "btn3:1.l", "esp:2", "green", [ "h-67.2", "v-67.2" ] ],
    [ "btn3:1.l", "r1:2", "green", [ "h-9.6", "v-28.8", "h-38.4" ] ],
    [ "btn1:1.l", "esp:4", "green", [ "h-9.6", "v-19.2" ] ]
  ],
  "dependencies": {}
}